id,code,name
1,CAT0001,Simply
2,CAT0002,Billion
3,CAT0003,That
4,CAT0004,Occur
5,CAT0005,Trial
6,CAT0006,Notice
7,CAT0007,Prevent
8,CAT0008,According
9,CAT0009,Change
10,CAT0010,Knowledge
11,CAT0011,Determine
12,CAT0012,Teacher
13,CAT0013,Believe
14,CAT0014,Dream
15,CAT0015,Lead
16,CAT0016,Bill
17,CAT0017,Choose
18,CAT0018,Turn
19,CAT0019,Daughter
20,CAT0020,Mission
21,CAT0021,Growth
22,CAT0022,Soon
23,CAT0023,Or
24,CAT0024,Organization
25,CAT0025,First
26,CAT0026,Us
27,CAT0027,Enter
28,CAT0028,However
29,CAT0029,Society
30,CAT0030,Not
31,CAT0031,Whole
32,CAT0032,College
33,CAT0033,Among
34,CAT0034,Happy
35,CAT0035,Consumer
36,CAT0036,Become
37,CAT0037,Experience
38,CAT0038,Feel
39,CAT0039,Free
40,CAT0040,Point
41,CAT0041,Coach
42,CAT0042,Their
43,CAT0043,Bring
44,CAT0044,Possible
45,CAT0045,They
46,CAT0046,Will
47,CAT0047,Condition
48,CAT0048,Congress
49,CAT0049,Poor
50,CAT0050,View
51,CAT0051,Understand
52,CAT0052,Method
53,CAT0053,Edge
54,CAT0054,Far
55,CAT0055,Major
56,CAT0056,That
57,CAT0057,Certainly
58,CAT0058,Dream
59,CAT0059,Population
60,CAT0060,Same
61,CAT0061,Wind
62,CAT0062,Trial
63,CAT0063,Eye
64,CAT0064,Behind
65,CAT0065,Build
66,CAT0066,Speech
67,CAT0067,Central
68,CAT0068,Many
69,CAT0069,Sport
70,CAT0070,Say
71,CAT0071,Next
72,CAT0072,Thing
73,CAT0073,Shake
74,CAT0074,Nice
75,CAT0075,Certainly
76,CAT0076,Education
77,CAT0077,Everyone
78,CAT0078,Or
79,CAT0079,Ready
80,CAT0080,Buy
81,CAT0081,Sit
82,CAT0082,Dog
83,CAT0083,Thank
84,CAT0084,Interview
85,CAT0085,Listen
86,CAT0086,Trade
87,CAT0087,Meeting
88,CAT0088,Structure
89,CAT0089,Among
90,CAT0090,Second
91,CAT0091,Wonder
92,CAT0092,Animal
93,CAT0093,Hotel
94,CAT0094,Character
95,CAT0095,Less
96,CAT0096,Conference
97,CAT0097,Become
98,CAT0098,Full
99,CAT0099,Address
100,CAT0100,People
101,CAT0101,Read
102,CAT0102,Product
103,CAT0103,Evening
104,CAT0104,Theory
105,CAT0105,Space
106,CAT0106,Impact
107,CAT0107,Item
108,CAT0108,Child
109,CAT0109,Woman
110,CAT0110,Somebody
111,CAT0111,Most
112,CAT0112,Question
113,CAT0113,Leader
114,CAT0114,Near
115,CAT0115,Learn
116,CAT0116,Father
117,CAT0117,Drug
118,CAT0118,Activity
119,CAT0119,Worry
120,CAT0120,Upon
121,CAT0121,Bed
122,CAT0122,Pattern
123,CAT0123,Staff
124,CAT0124,Business
125,CAT0125,Current
126,CAT0126,Green
127,CAT0127,Marriage
128,CAT0128,Girl
129,CAT0129,Design
130,CAT0130,Lawyer
131,CAT0131,Address
132,CAT0132,Production
133,CAT0133,Clear
134,CAT0134,Safe
135,CAT0135,Action
136,CAT0136,Model
137,CAT0137,Common
138,CAT0138,Section
139,CAT0139,Sell
140,CAT0140,We
141,CAT0141,Course
142,CAT0142,Region
143,CAT0143,Record
144,CAT0144,Weight
145,CAT0145,Memory
146,CAT0146,Economic
147,CAT0147,Become
148,CAT0148,Use
149,CAT0149,Training
150,CAT0150,National
151,CAT0151,Traditional
152,CAT0152,Arm
153,CAT0153,When
154,CAT0154,Near
155,CAT0155,Matter
156,CAT0156,Drug
157,CAT0157,Option
158,CAT0158,Simply
159,CAT0159,Last
160,CAT0160,Employee
161,CAT0161,This
162,CAT0162,Value
163,CAT0163,Deal
164,CAT0164,Discover
165,CAT0165,Dog
166,CAT0166,Forward
167,CAT0167,Source
168,CAT0168,Just
169,CAT0169,Set
170,CAT0170,Its
171,CAT0171,Anything
172,CAT0172,Election
173,CAT0173,Relationship
174,CAT0174,Attack
175,CAT0175,Social
176,CAT0176,Traditional
177,CAT0177,Street
178,CAT0178,Young
179,CAT0179,Drive
180,CAT0180,Anyone
181,CAT0181,Last
182,CAT0182,Main
183,CAT0183,Style
184,CAT0184,Laugh
185,CAT0185,Partner
186,CAT0186,Story
187,CAT0187,Part
188,CAT0188,Here
189,CAT0189,News
190,CAT0190,Attack
191,CAT0191,Hair
192,CAT0192,Reveal
193,CAT0193,Foreign
194,CAT0194,Article
195,CAT0195,Imagine
196,CAT0196,Just
197,CAT0197,Bring
198,CAT0198,Country
199,CAT0199,It
200,CAT0200,Popular
201,CAT0201,Send
202,CAT0202,Rather
203,CAT0203,Player
204,CAT0204,Maintain
205,CAT0205,Discover
206,CAT0206,Then
207,CAT0207,National
208,CAT0208,Reason
209,CAT0209,Local
210,CAT0210,Billion
211,CAT0211,Already
212,CAT0212,Writer
213,CAT0213,Consumer
214,CAT0214,May
215,CAT0215,Technology
216,CAT0216,Nature
217,CAT0217,Great
218,CAT0218,Worry
219,CAT0219,Society
220,CAT0220,Turn
221,CAT0221,Then
222,CAT0222,Table
223,CAT0223,Base
224,CAT0224,Player
225,CAT0225,Main
226,CAT0226,Health
227,CAT0227,Western
228,CAT0228,Federal
229,CAT0229,Boy
230,CAT0230,Not
231,CAT0231,Must
232,CAT0232,Sound
233,CAT0233,Yet
234,CAT0234,Amount
235,CAT0235,Reduce
236,CAT0236,Strong
237,CAT0237,Moment
238,CAT0238,Sure
239,CAT0239,Allow
240,CAT0240,Sign
241,CAT0241,New
242,CAT0242,Fear
243,CAT0243,Wish
244,CAT0244,Water
245,CAT0245,Commercial
246,CAT0246,Shoulder
247,CAT0247,Appear
248,CAT0248,Public
249,CAT0249,Ground
250,CAT0250,Alone
251,CAT0251,Base
252,CAT0252,Step
253,CAT0253,Dark
254,CAT0254,Better
255,CAT0255,Bar
256,CAT0256,Thing
257,CAT0257,Interest
258,CAT0258,Appear
259,CAT0259,Toward
260,CAT0260,Put
261,CAT0261,Indicate
262,CAT0262,Mother
263,CAT0263,Action
264,CAT0264,Turn
265,CAT0265,Available
266,CAT0266,Sound
267,CAT0267,Wish
268,CAT0268,Live
269,CAT0269,Single
270,CAT0270,Decide
271,CAT0271,Despite
272,CAT0272,Opportunity
273,CAT0273,Successful
274,CAT0274,Road
275,CAT0275,Window
276,CAT0276,Human
277,CAT0277,Prepare
278,CAT0278,Serve
279,CAT0279,Enter
280,CAT0280,Same
281,CAT0281,Continue
282,CAT0282,Him
283,CAT0283,Both
284,CAT0284,Meeting
285,CAT0285,Record
286,CAT0286,Management
287,CAT0287,Weight
288,CAT0288,Dark
289,CAT0289,Reality
290,CAT0290,Safe
291,CAT0291,Former
292,CAT0292,Fine
293,CAT0293,To
294,CAT0294,Set
295,CAT0295,Meet
296,CAT0296,Act
297,CAT0297,Building
298,CAT0298,These
299,CAT0299,Ago
300,CAT0300,Picture
301,CAT0301,Base
302,CAT0302,Hand
303,CAT0303,Tend
304,CAT0304,Score
305,CAT0305,Son
306,CAT0306,More
307,CAT0307,Quite
308,CAT0308,It
309,CAT0309,Almost
310,CAT0310,Network
311,CAT0311,Better
312,CAT0312,Draw
313,CAT0313,Company
314,CAT0314,Mr
315,CAT0315,Kind
316,CAT0316,Number
317,CAT0317,Standard
318,CAT0318,Indicate
319,CAT0319,Wind
320,CAT0320,Individual
321,CAT0321,Vote
322,CAT0322,Page
323,CAT0323,Evening
324,CAT0324,Create
325,CAT0325,Very
326,CAT0326,Billion
327,CAT0327,I
328,CAT0328,Pass
329,CAT0329,Recent
330,CAT0330,Fire
331,CAT0331,Office
332,CAT0332,Force
333,CAT0333,But
334,CAT0334,Into
335,CAT0335,Travel
336,CAT0336,Down
337,CAT0337,Pass
338,CAT0338,Take
339,CAT0339,Sound
340,CAT0340,Very
341,CAT0341,Hour
342,CAT0342,Game
343,CAT0343,Relate
344,CAT0344,System
345,CAT0345,Particularly
346,CAT0346,Sit
347,CAT0347,Should
348,CAT0348,Keep
349,CAT0349,Difficult
350,CAT0350,Onto
351,CAT0351,Write
352,CAT0352,Parent
353,CAT0353,Especially
354,CAT0354,Spring
355,CAT0355,Prove
356,CAT0356,Himself
357,CAT0357,Than
358,CAT0358,Light
359,CAT0359,Care
360,CAT0360,Black
361,CAT0361,About
362,CAT0362,Have
363,CAT0363,Standard
364,CAT0364,Finally
365,CAT0365,Condition
366,CAT0366,Then
367,CAT0367,Outside
368,CAT0368,Option
369,CAT0369,Share
370,CAT0370,Reach
371,CAT0371,Agency
372,CAT0372,Personal
373,CAT0373,Make
374,CAT0374,Quite
375,CAT0375,Current
376,CAT0376,Service
377,CAT0377,Million
378,CAT0378,Measure
379,CAT0379,Meet
380,CAT0380,Agreement
381,CAT0381,Back
382,CAT0382,Why
383,CAT0383,Population
384,CAT0384,Media
385,CAT0385,Get
386,CAT0386,Pretty
387,CAT0387,Reality
388,CAT0388,Stuff
389,CAT0389,Professor
390,CAT0390,Tonight
391,CAT0391,Service
392,CAT0392,Inside
393,CAT0393,Shake
394,CAT0394,Special
395,CAT0395,Room
396,CAT0396,Performance
397,CAT0397,Prepare
398,CAT0398,Here
399,CAT0399,Law
400,CAT0400,Individual
401,CAT0401,Down
402,CAT0402,Size
403,CAT0403,At
404,CAT0404,Benefit
405,CAT0405,Network
406,CAT0406,Raise
407,CAT0407,Only
408,CAT0408,Scientist
409,CAT0409,Product
410,CAT0410,Until
411,CAT0411,Discover
412,CAT0412,Give
413,CAT0413,Small
414,CAT0414,Cause
415,CAT0415,Friend
416,CAT0416,Site
417,CAT0417,Season
418,CAT0418,Position
419,CAT0419,Usually
420,CAT0420,Kid
421,CAT0421,Customer
422,CAT0422,Really
423,CAT0423,Wait
424,CAT0424,Hundred
425,CAT0425,To
426,CAT0426,He
427,CAT0427,Group
428,CAT0428,Star
429,CAT0429,Up
430,CAT0430,Itself
431,CAT0431,Pull
432,CAT0432,Information
433,CAT0433,Especially
434,CAT0434,Defense
435,CAT0435,Often
436,CAT0436,Beat
437,CAT0437,Own
438,CAT0438,Treat
439,CAT0439,Find
440,CAT0440,Pull
441,CAT0441,Measure
442,CAT0442,Piece
443,CAT0443,Artist
444,CAT0444,Value
445,CAT0445,Two
446,CAT0446,Interview
447,CAT0447,Region
448,CAT0448,Mr
449,CAT0449,But
450,CAT0450,Myself
451,CAT0451,Reach
452,CAT0452,Watch
453,CAT0453,Begin
454,CAT0454,Everything
455,CAT0455,Responsibility
456,CAT0456,Policy
457,CAT0457,Few
458,CAT0458,Most
459,CAT0459,Generation
460,CAT0460,Food
461,CAT0461,Right
462,CAT0462,Reduce
463,CAT0463,Piece
464,CAT0464,View
465,CAT0465,Only
466,CAT0466,We
467,CAT0467,Have
468,CAT0468,Form
469,CAT0469,Purpose
470,CAT0470,Thought
471,CAT0471,Before
472,CAT0472,Prove
473,CAT0473,Down
474,CAT0474,Deep
475,CAT0475,Positive
476,CAT0476,Sea
477,CAT0477,Not
478,CAT0478,Industry
479,CAT0479,Power
480,CAT0480,Own
481,CAT0481,Customer
482,CAT0482,Discussion
483,CAT0483,Wish
484,CAT0484,Spring
485,CAT0485,Artist
486,CAT0486,Full
487,CAT0487,Without
488,CAT0488,Security
489,CAT0489,Push
490,CAT0490,Per
491,CAT0491,Moment
492,CAT0492,Film
493,CAT0493,Name
494,CAT0494,Stand
495,CAT0495,Seat
496,CAT0496,Power
497,CAT0497,Final
498,CAT0498,Ready
499,CAT0499,Instead
500,CAT0500,Usually
501,CAT0501,Letter
502,CAT0502,Impact
503,CAT0503,Billion
504,CAT0504,Your
505,CAT0505,Believe
506,CAT0506,Loss
507,CAT0507,Science
508,CAT0508,Before
509,CAT0509,Throw
510,CAT0510,Different
511,CAT0511,Structure
512,CAT0512,Recently
513,CAT0513,Usually
514,CAT0514,Year
515,CAT0515,Guess
516,CAT0516,Baby
517,CAT0517,Effort
518,CAT0518,Maybe
519,CAT0519,Attack
520,CAT0520,Interview
521,CAT0521,Use
522,CAT0522,Result
523,CAT0523,Production
524,CAT0524,Work
525,CAT0525,Will
526,CAT0526,Put
527,CAT0527,Reach
528,CAT0528,Cultural
529,CAT0529,Paper
530,CAT0530,Job
531,CAT0531,Cut
532,CAT0532,Maybe
533,CAT0533,Certainly
534,CAT0534,Artist
535,CAT0535,Money
536,CAT0536,Serious
537,CAT0537,Really
538,CAT0538,Listen
539,CAT0539,Foot
540,CAT0540,Hour
541,CAT0541,Blood
542,CAT0542,Catch
543,CAT0543,Once
544,CAT0544,She
545,CAT0545,War
546,CAT0546,Draw
547,CAT0547,Inside
548,CAT0548,Back
549,CAT0549,Become
550,CAT0550,Soon
551,CAT0551,Enough
552,CAT0552,Everybody
553,CAT0553,Develop
554,CAT0554,Bad
555,CAT0555,Policy
556,CAT0556,Newspaper
557,CAT0557,Oil
558,CAT0558,Gun
559,CAT0559,Mouth
560,CAT0560,Discover
561,CAT0561,Despite
562,CAT0562,House
563,CAT0563,Hundred
564,CAT0564,Occur
565,CAT0565,Ability
566,CAT0566,Meet
567,CAT0567,Determine
568,CAT0568,She
569,CAT0569,Find
570,CAT0570,Seem
571,CAT0571,Brother
572,CAT0572,Own
573,CAT0573,Huge
574,CAT0574,Quality
575,CAT0575,Smile
576,CAT0576,Apply
577,CAT0577,Right
578,CAT0578,Yard
579,CAT0579,Respond
580,CAT0580,Same
581,CAT0581,Tonight
582,CAT0582,Sound
583,CAT0583,Anything
584,CAT0584,Artist
585,CAT0585,Size
586,CAT0586,Other
587,CAT0587,With
588,CAT0588,Point
589,CAT0589,Near
590,CAT0590,Population
591,CAT0591,Rock
592,CAT0592,Question
593,CAT0593,Remain
594,CAT0594,Sister
595,CAT0595,Chance
596,CAT0596,Send
597,CAT0597,Rate
598,CAT0598,Many
599,CAT0599,Head
600,CAT0600,Drop
601,CAT0601,Program
602,CAT0602,Mind
603,CAT0603,Goal
604,CAT0604,Prepare
605,CAT0605,Majority
606,CAT0606,Interest
607,CAT0607,Sister
608,CAT0608,Young
609,CAT0609,Gas
610,CAT0610,Great
611,CAT0611,Likely
612,CAT0612,Reduce
613,CAT0613,Record
614,CAT0614,Natural
615,CAT0615,Son
616,CAT0616,Table
617,CAT0617,Speech
618,CAT0618,Nor
619,CAT0619,Natural
620,CAT0620,Suddenly
621,CAT0621,Table
622,CAT0622,Financial
623,CAT0623,Matter
624,CAT0624,Push
625,CAT0625,Position
626,CAT0626,Career
627,CAT0627,Writer
628,CAT0628,Customer
629,CAT0629,Stay
630,CAT0630,Pull
631,CAT0631,Which
632,CAT0632,With
633,CAT0633,Special
634,CAT0634,Yeah
635,CAT0635,Artist
636,CAT0636,Wife
637,CAT0637,Edge
638,CAT0638,Require
639,CAT0639,Policy
640,CAT0640,Across
641,CAT0641,Senior
642,CAT0642,Piece
643,CAT0643,Campaign
644,CAT0644,Here
645,CAT0645,Explain
646,CAT0646,Business
647,CAT0647,Seem
648,CAT0648,Sport
649,CAT0649,Draw
650,CAT0650,For
651,CAT0651,Item
652,CAT0652,Again
653,CAT0653,Market
654,CAT0654,Dog
655,CAT0655,Hear
656,CAT0656,Occur
657,CAT0657,Prepare
658,CAT0658,Born
659,CAT0659,Instead
660,CAT0660,Better
661,CAT0661,President
662,CAT0662,Treatment
663,CAT0663,Paper
664,CAT0664,Agency
665,CAT0665,However
666,CAT0666,Military
667,CAT0667,Live
668,CAT0668,News
669,CAT0669,Upon
670,CAT0670,Beyond
671,CAT0671,Cut
672,CAT0672,Current
673,CAT0673,Including
674,CAT0674,Think
675,CAT0675,Woman
676,CAT0676,Little
677,CAT0677,Check
678,CAT0678,Tree
679,CAT0679,Institution
680,CAT0680,Teach
681,CAT0681,Standard
682,CAT0682,Population
683,CAT0683,Of
684,CAT0684,Environmental
685,CAT0685,Bag
686,CAT0686,Purpose
687,CAT0687,Personal
688,CAT0688,Police
689,CAT0689,Support
690,CAT0690,Goal
691,CAT0691,Face
692,CAT0692,Exist
693,CAT0693,Specific
694,CAT0694,Rate
695,CAT0695,Send
696,CAT0696,Weight
697,CAT0697,Oil
698,CAT0698,Against
699,CAT0699,Traditional
700,CAT0700,Leave
701,CAT0701,Teacher
702,CAT0702,About
703,CAT0703,Could
704,CAT0704,Center
705,CAT0705,Half
706,CAT0706,Interview
707,CAT0707,Series
708,CAT0708,Lose
709,CAT0709,Visit
710,CAT0710,Pick
711,CAT0711,Year
712,CAT0712,View
713,CAT0713,Responsibility
714,CAT0714,Hand
715,CAT0715,Live
716,CAT0716,Medical
717,CAT0717,Economic
718,CAT0718,Last
719,CAT0719,Condition
720,CAT0720,Us
721,CAT0721,Within
722,CAT0722,Hotel
723,CAT0723,Whose
724,CAT0724,South
725,CAT0725,History
726,CAT0726,Education
727,CAT0727,Debate
728,CAT0728,Red
729,CAT0729,Small
730,CAT0730,There
731,CAT0731,Life
732,CAT0732,Partner
733,CAT0733,Avoid
734,CAT0734,Peace
735,CAT0735,Color
736,CAT0736,Child
737,CAT0737,Through
738,CAT0738,Her
739,CAT0739,Past
740,CAT0740,Tend
741,CAT0741,Feel
742,CAT0742,Chance
743,CAT0743,City
744,CAT0744,Show
745,CAT0745,Never
746,CAT0746,Plant
747,CAT0747,Tax
748,CAT0748,Letter
749,CAT0749,Half
750,CAT0750,Pick
751,CAT0751,Today
752,CAT0752,Keep
753,CAT0753,Pretty
754,CAT0754,Drop
755,CAT0755,Sense
756,CAT0756,Parent
757,CAT0757,Clear
758,CAT0758,Why
759,CAT0759,Side
760,CAT0760,Fish
761,CAT0761,Writer
762,CAT0762,Sell
763,CAT0763,West
764,CAT0764,Blue
765,CAT0765,Control
766,CAT0766,Job
767,CAT0767,Bed
768,CAT0768,Civil
769,CAT0769,Rather
770,CAT0770,Cover
771,CAT0771,Continue
772,CAT0772,Here
773,CAT0773,Should
774,CAT0774,Pay
775,CAT0775,Technology
776,CAT0776,Behind
777,CAT0777,Environment
778,CAT0778,Somebody
779,CAT0779,Section
780,CAT0780,Chair
781,CAT0781,Work
782,CAT0782,Past
783,CAT0783,Lead
784,CAT0784,Mean
785,CAT0785,Program
786,CAT0786,Loss
787,CAT0787,Successful
788,CAT0788,Vote
789,CAT0789,Choose
790,CAT0790,Floor
791,CAT0791,Scene
792,CAT0792,Require
793,CAT0793,Drug
794,CAT0794,Although
795,CAT0795,Another
796,CAT0796,Listen
797,CAT0797,Interest
798,CAT0798,Newspaper
799,CAT0799,Say
800,CAT0800,Section
801,CAT0801,Set
802,CAT0802,Whatever
803,CAT0803,Happy
804,CAT0804,Both
805,CAT0805,Age
806,CAT0806,Particular
807,CAT0807,White
808,CAT0808,Guy
809,CAT0809,Summer
810,CAT0810,Type
811,CAT0811,Growth
812,CAT0812,Establish
813,CAT0813,Development
814,CAT0814,Major
815,CAT0815,Future
816,CAT0816,Deal
817,CAT0817,Never
818,CAT0818,People
819,CAT0819,Paper
820,CAT0820,Form
821,CAT0821,Line
822,CAT0822,Also
823,CAT0823,Democrat
824,CAT0824,Way
825,CAT0825,Continue
826,CAT0826,Grow
827,CAT0827,Real
828,CAT0828,Be
829,CAT0829,Effort
830,CAT0830,Partner
831,CAT0831,Authority
832,CAT0832,Defense
833,CAT0833,Attention
834,CAT0834,Style
835,CAT0835,Chance
836,CAT0836,Future
837,CAT0837,Art
838,CAT0838,Change
839,CAT0839,Report
840,CAT0840,By
841,CAT0841,Piece
842,CAT0842,Husband
843,CAT0843,Feeling
844,CAT0844,However
845,CAT0845,Opportunity
846,CAT0846,Company
847,CAT0847,Suddenly
848,CAT0848,Movie
849,CAT0849,Production
850,CAT0850,Vote
851,CAT0851,Network
852,CAT0852,Agreement
853,CAT0853,Maintain
854,CAT0854,Body
855,CAT0855,High
856,CAT0856,American
857,CAT0857,Five
858,CAT0858,Morning
859,CAT0859,Black
860,CAT0860,Seek
861,CAT0861,Cause
862,CAT0862,However
863,CAT0863,Data
864,CAT0864,Bit
865,CAT0865,Source
866,CAT0866,Every
867,CAT0867,Ten
868,CAT0868,Dog
869,CAT0869,Big
870,CAT0870,Seven
871,CAT0871,Weight
872,CAT0872,Tv
873,CAT0873,Rich
874,CAT0874,Front
875,CAT0875,Full
876,CAT0876,Soldier
877,CAT0877,Create
878,CAT0878,Offer
879,CAT0879,Without
880,CAT0880,Draw
881,CAT0881,Adult
882,CAT0882,Hospital
883,CAT0883,Other
884,CAT0884,Street
885,CAT0885,Natural
886,CAT0886,Carry
887,CAT0887,Run
888,CAT0888,Able
889,CAT0889,Physical
890,CAT0890,Interest
891,CAT0891,Pass
892,CAT0892,Billion
893,CAT0893,Score
894,CAT0894,Soon
895,CAT0895,Pull
896,CAT0896,Cost
897,CAT0897,Condition
898,CAT0898,Drug
899,CAT0899,Per
900,CAT0900,South
901,CAT0901,Hospital
902,CAT0902,Talk
903,CAT0903,Democrat
904,CAT0904,Head
905,CAT0905,Sometimes
906,CAT0906,Physical
907,CAT0907,She
908,CAT0908,Agreement
909,CAT0909,Thus
910,CAT0910,Tax
911,CAT0911,Why
912,CAT0912,Four
913,CAT0913,Address
914,CAT0914,Spend
915,CAT0915,Effect
916,CAT0916,Whatever
917,CAT0917,Girl
918,CAT0918,By
919,CAT0919,Soon
920,CAT0920,Miss
921,CAT0921,Various
922,CAT0922,Hard
923,CAT0923,Safe
924,CAT0924,Black
925,CAT0925,To
926,CAT0926,Pay
927,CAT0927,Letter
928,CAT0928,Its
929,CAT0929,Surface
930,CAT0930,Star
931,CAT0931,Specific
932,CAT0932,Pay
933,CAT0933,Dream
934,CAT0934,Risk
935,CAT0935,Across
936,CAT0936,Public
937,CAT0937,Officer
938,CAT0938,Suggest
939,CAT0939,Join
940,CAT0940,Program
941,CAT0941,Set
942,CAT0942,Rather
943,CAT0943,Us
944,CAT0944,Choose
945,CAT0945,Example
946,CAT0946,Certainly
947,CAT0947,Carry
948,CAT0948,Across
949,CAT0949,Right
950,CAT0950,Great
951,CAT0951,Order
952,CAT0952,Rule
953,CAT0953,Real
954,CAT0954,National
955,CAT0955,Grow
956,CAT0956,Positive
957,CAT0957,End
958,CAT0958,Involve
959,CAT0959,Big
960,CAT0960,Interesting
961,CAT0961,Guess
962,CAT0962,Democrat
963,CAT0963,Front
964,CAT0964,Choose
965,CAT0965,Member
966,CAT0966,Walk
967,CAT0967,Happen
968,CAT0968,Method
969,CAT0969,Center
970,CAT0970,House
971,CAT0971,Religious
972,CAT0972,Technology
973,CAT0973,Send
974,CAT0974,Popular
975,CAT0975,Ago
976,CAT0976,Most
977,CAT0977,Tell
978,CAT0978,Much
979,CAT0979,Campaign
980,CAT0980,Fine
981,CAT0981,If
982,CAT0982,Media
983,CAT0983,Candidate
984,CAT0984,Fact
985,CAT0985,Beyond
986,CAT0986,Level
987,CAT0987,Spring
988,CAT0988,Report
989,CAT0989,Music
990,CAT0990,Everybody
991,CAT0991,Deal
992,CAT0992,Dark
993,CAT0993,Building
994,CAT0994,Manager
995,CAT0995,Save
996,CAT0996,Well
997,CAT0997,Action
998,CAT0998,Sign
999,CAT0999,Expert
1000,CAT1000,High
